{
    "submission_name": "Test Submission",
    "score": 6.482781040961833,
    "metrics": {
        "accuracy": {
            "skin_tone": 0.2633333333333333,
            "gender": 0.8413333333333334,
            "age": 0.591
        },
        "disparity": {
            "skin_tone": 0.3759548611111111,
            "gender": 0.08226801966732922,
            "age": 0.128460910906687
        }
    }
}