{
    "submission_name": "Test Submission",
    "score": 6.565363365767475,
    "metrics": {
        "accuracy": {
            "skin_tone": 0.2703333333333333,
            "gender": 0.8413333333333334,
            "age": 0.591
        },
        "disparity": {
            "skin_tone": 0.305517071718048,
            "gender": 0.08226801966732922,
            "age": 0.128460910906687
        }
    }
}