{
    "submission_name": "Unsupervised Submission",
    "score": 3.02174932812456,
    "metrics": {
        "accuracy": {
            "skin_tone": 0.20633333333333334,
            "gender": 0.618,
            "age": 0.4866666666666667
        },
        "disparity": {
            "skin_tone": 0.6567944250871081,
            "gender": 0.35196150224918926,
            "age": 0.8885813148788927
        }
    }
}